{
  "condition": "minecraft:any_of",
  "terms": [
    {
      "condition": "minecraft:entity_properties",
      "entity": "this",
      "predicate": {
        "location": {
          "position": {
            "x": {
              "min": 687,
              "max": 721
            },
            "y": {
              "min": 33,
              "max": 43
            },
            "z": {
              "min": 560,
              "max": 602
            }
          }
        }
      }
    },
    {
      "condition": "minecraft:entity_properties",
      "entity": "this",
      "predicate": {
        "location": {
          "position": {
            "x": {
              "min": 704,
              "max": 713.8
            },
            "y": {
              "min": 39,
              "max": 52.5
            },
            "z": {
              "min": 563,
              "max": 573.2
            }
          }
        }
      }
    },
    {
      "condition": "minecraft:entity_properties",
      "entity": "this",
      "predicate": {
        "location": {
          "position": {
            "x": {
              "min": 700.9,
              "max": 708
            },
            "y": {
              "min": 40,
              "max": 47
            },
            "z": {
              "min": 599,
              "max": 602
            }
          }
        }
      }
    },
    {
      "condition": "minecraft:entity_properties",
      "entity": "this",
      "predicate": {
        "location": {
          "position": {
            "x": {
              "min": 707.2,
              "max": 708.8
            },
            "y": {
              "min": 38.8,
              "max": 44.8
            },
            "z": {
              "min": 580.2,
              "max": 581.8
            }
          }
        }
      }
    }
  ]
}
