{
    "type": "minecraft:command",
    "pools": [
      {
        "rolls": {
          "type": "minecraft:score",
          "target": {
            "type": "minecraft:fixed",
            "name": "#bonus"
          },
          "score": "NL_redstone_bonus",
          "scale": 1
        },
        "bonus_rolls": 0,
        "entries": [
          {
            "type": "minecraft:item",
            "name": "minecraft:redstone",
            "functions": [
              {
                "function": "minecraft:reference",
                "name": "nishalabyrinth:items/redstone"
              }
            ],
            "conditions": [
              {
                "condition": "minecraft:random_chance",
                "chance": 1
              }
            ]
          }
        ]
      }
    ]
  }
  