{
  "condition": "minecraft:any_of",
  "terms": [
    {
      "condition": "minecraft:entity_properties",
      "entity": "this",
      "predicate": {
        "location": {
          "position": {
            "x": {
              "min": 709,
              "max": 716.8
            },
            "y": {
              "min": 37.8,
              "max": 41.3
            },
            "z": {
              "min": 578.2,
              "max": 587.8
            }
          }
        }
      }
    },
    {
      "condition": "minecraft:entity_properties",
      "entity": "this",
      "predicate": {
        "location": {
          "position": {
            "x": {
              "min": 704.2,
              "max": 709.1
            },
            "y": {
              "min": 37.8,
              "max": 41.3
            },
            "z": {
              "min": 579.2,
              "max": 587.2
            }
          }
        }
      }
    },
    {
      "condition": "minecraft:entity_properties",
      "entity": "this",
      "predicate": {
        "location": {
          "position": {
            "x": {
              "min": 707.2,
              "max": 708.8
            },
            "y": {
              "min": 38.8,
              "max": 44.8
            },
            "z": {
              "min": 579.2,
              "max": 582.8
            }
          }
        }
      }
    }
  ]
}
