{
    "display": {
      "icon": {
        "item": "minecraft:nether_star"
      },
      "title": {
        "text": "해방",
        "color": "dark_blue",
        "bold": true
      },
      "description": "",
      "background": "temple",
      "frame": "challenge",
      "show_toast": true,
      "announce_to_chat": false,
      "hidden": false
    },
    "parent": "nishalabyrinth:system/9th",
    "criteria": {
      "requirement": {
        "trigger": "minecraft:impossible"
      }
    }
  }
  