{
    "display": {
      "icon": {
        "item": "minecraft:repeater"
      },
      "title": {
        "text": "제단",
        "color": "dark_red",
        "bold": true
      },
      "description": {
        "text": "제단에 제단의 흔적을 올릴떄마다 한 단계씩 증가한다",
        "color": "white"
      },
      "background": "minecraft:textures/gui/advancements/backgrounds/temple.png",
      "frame": "challenge",
      "show_toast": false,
      "announce_to_chat": false,
      "hidden": false
    },
    "criteria": {"k": {
        "trigger": "minecraft:impossible"
      }
    }
  }
  