{
    "condition": "minecraft:alternative",
    "terms": [
      {
        "condition": "minecraft:reference",
        "name": "nishalabyrinth:system/library/on_path/a_to_b"
      },
      {
        "condition": "minecraft:reference",
        "name": "nishalabyrinth:system/library/on_path/b_to_c"
      },
      {
        "condition": "minecraft:reference",
        "name": "nishalabyrinth:system/library/on_path/c_to_d"
      },
      {
        "condition": "minecraft:reference",
        "name": "nishalabyrinth:system/library/on_path/d_to_a"
      }
    ]
  }
  