{
    "display": {
      "icon": {
        "item": "minecraft:stone"
      },
      "title": "stun",
      "description": "",
      "show_toast": false,
      "announce_to_chat": false,
      "hidden": true
    },
    "criteria": {
      "requirement": {
        "trigger": "minecraft:tick",
        "conditions": {
          "player": [
            {
              "condition": "minecraft:entity_scores",
              "entity": "this",
              "scores": {
                "NL_stun_time": {
                  "min": 1
                }
              }
            }
          ]
        }
      }
    },
    "rewards": {
      "function": "nishalabyrinth:system/gate_keeper/stun"
    }
  }
  