{
  "criteria": {
    "requirement": {
      "trigger": "minecraft:player_hurt_entity",
      "conditions": {
        "player": {
          "type": "minecraft:player",
          "team": "gate_keeper"
        },
        "damage": {
          "type": {
            "is_explosion": false,
            "is_fire": false,
            "is_magic": false,
            "is_projectile": false,
            "is_lightning": false,
            "bypasses_armor": false,
            "bypasses_invulnerability": false,
            "bypasses_magic": false
          }
        },
        "entity": {
          "type": "minecraft:player",
          "team": "explorer"
        }
      }
    }
  },
  "rewards": {
    "function": "nishalabyrinth:system/hit/basic_hit"
  }
}
