{
    "display": {
      "icon": {
        "item": "minecraft:stone"
      },
      "title": "아야",
      "description": "",
      "show_toast": true,
      "announce_to_chat": true,
      "hidden": false
    },
    "criteria": {
      "condition": {
        "trigger": "minecraft:entity_hurt_player",
        "conditions": {
          "damage": {
            "source_entity": {
              "type": "minecraft:player"
            }
          }
        }
      },
      "impossible": {
        "trigger": "minecraft:impossible"
      }
    },
    "requirements": [
      [
        "condition"
      ],
      [
        "impossible"
      ]
    ],
    "rewards": {
      "function": "nishalabyrinth:system/hit/hit_by_gk"
    }
  }
  