{
    "display": {
      "icon": {
        "item": "minecraft:golden_apple"
      },
      "title": {
        "text": "식량보급(패시브)",
        "color": "blue",
        "bold": true
      },
      "description": {
        "text": "보급으로 얻은 식량과 생명석을 조합해 황금사과를 얻을 수 있다",
        "color": "white"
      },
      "background": "survivor",
      "frame": "task",
      "show_toast": false,
      "announce_to_chat": false,
      "hidden": false
    },
    "parent": "nishalabyrinth:character/survivor/skill1",
    "criteria": {
      ".": {
        "trigger": "minecraft:impossible"
      }
    }
  }
  