{
    "display": {
      "icon": {
        "item": "minecraft:written_book",
        "nbt": "{CustomModelData:104001}"
      },
      "title": "용병",
      "description": {
        "text": "(특수형)",
        "color": "green",
        "italic": true,
        "extra": [
          "\n",
          {
            "text": "[난이도: 상]",
            "color": "red",
            "italic": true
          },
          "\n",
          {
            "text": "아군에게 의뢰를 받으면 얻는 능력을 이용해 플레이하는 캐릭터",
            "color": "white"
          }
        ]
      },
      "background": "minecraft:textures/gui/advancements/backgrounds/explorer.png",
      "frame": "challenge",
      "show_toast": false,
      "announce_to_chat": false,
      "hidden": false
    },
    "criteria": {
      "requirement": {
        "trigger": "minecraft:impossible"
      }
    }
  }
  