{
    "display": {
      "icon": {
        "item": "minecraft:stone"
      },
      "title": "",
      "description": "",
      "show_toast": false,
      "announce_to_chat": false,
      "hidden": true
    },
    "parent": "nishalabyrinth:system/pinned_item_slot/redstone/replace_with_redstone",
    "criteria": {
      "buffer": {
        "trigger": "minecraft:tick",
        "conditions": {
          "player": {
            "type_specific": {
              "type": "player",
              "advancements": {
                "nishalabyrinth:system/pinned_item_slot/redstone/replace_with_redstone": true
              }
            }
          }
        }
      }
    },
    "rewards": {
      "function": "nishalabyrinth:system/pinned_item_slot/redstone/replace_with_redstone_buffer_adv"
    }
  }
  