{
    "display": {
      "icon": {
        "item": "minecraft:written_book",
        "nbt": "{CustomModelData:106001}"
      },
      "title": "낚시꾼",
      "description": {
        "text": "(구조형 ,도주형)",
        "color": "green",
        "italic": true,
        "extra": [
          "\n",
          {
            "text": "[난이도 상]",
            "color": "red"
          },
          "\n",
          {
            "text": "낚시대를 이용해 팀원을 구출하거나 상대를 교란하는 캐릭터",
            "color": "white"
          }
        ]
      },
      "background": "minecraft:textures/gui/advancements/backgrounds/explorer.png",
      "frame": "challenge",
      "show_toast": false,
      "announce_to_chat": false,
      "hidden": false
    },
    "criteria": {
      "requirement": {
        "trigger": "minecraft:impossible"
      }
    }
  }
  