{
    "display": {
      "icon": {
        "item": "minecraft:written_book",
        "nbt": "{CustomModelData:106004}"
      },
      "title": "표식",
      "description": {
        "text": "찌가 바닥에 닿을 시 표식이 남는다.",
        "color": "white"
      },
      "frame": "goal",
      "show_toast": false,
      "announce_to_chat": false,
      "hidden": false
    },
    "parent": "nishalabyrinth:character/fisher/skill1",
    "criteria": {
      "requirement": {
        "trigger": "minecraft:impossible"
      }
    }
  }
  