{
    "display": {
      "icon": {
        "item": "minecraft:stone"
      },
      "title": "hit_by_wolf",
      "description": "hit_by_wolf",
      "show_toast": false,
      "announce_to_chat": false,
      "hidden": true
    },
    "criteria": {
      "requirement": {
        "trigger": "minecraft:entity_hurt_player",
        "conditions": {
          "player": {
            "type": "minecraft:player",
            "team": "explorer"
          },
          "damage": {
            "source_entity": {
              "type": "minecraft:wolf"
            }
          }
        }
      }
    },
    "rewards": {
      "function": "nishalabyrinth:character_functions/roamer/hit_by_wolf"
    }
  }
  