{
  "display": {
    "icon": {
      "item": "minecraft:stone"
    },
    "title": "",
    "description": "",
    "show_toast": false,
    "announce_to_chat": false,
    "hidden": true
  },
  "criteria": {
    "requirement": {
      "trigger": "minecraft:entity_hurt_player",
      "conditions": {
        "damage": {
          "type": {
            "is_projectile": true,
            "direct_entity": {
              "type": "minecraft:trident"
            }
          }
        }
      }
    }
  },
  "rewards": {
    "function": "nishalabyrinth:character_functions/tellus/hit_by_trident"
  }
}
