{
    "display": {
      "icon": {
        "item": "minecraft:written_book",
        "nbt": "{CustomModelData:202002}"
      },
      "title": {
        "text": "사냥 모드(우클릭 발동, 온오프)",
        "color": "white",
        "bold": true
      },
      "description": {
        "text": "[상처]",
        "color": "dark_red",
        "bold": true,
        "extra": [
          {
            "text": "디버프에 걸린 적이 있으면 [사냥모드] 활성화 가능",
            "color": "white",
            "extra": [
              "\n"
            ]
          },
          {
            "text": "[상처]",
            "color": "dark_red",
            "bold": true,
            "extra": [
              {
                "text": "디버프를 가진 탐험가는 피냄새 흔적을 계속 남깁니다",
                "color": "white"
              }
            ]
          }
        ]
      },
      "background": "sniffer",
      "frame": "task",
      "show_toast": false,
      "announce_to_chat": false,
      "hidden": false
    },
    "parent": "nishalabyrinth:character/sniffer/sniffer",
    "criteria": {
      ".": {
        "trigger": "minecraft:impossible"
      }
    }
  }
  