{
  "type": "minecraft:chest",
  "pools": [
    {
      "rolls": 12,
      "entries": [
        {
          "type": "minecraft:sequence",
          "children": [
            {
              "type": "minecraft:item",
              "name": "minecraft:paper",
              "functions": [
                {
                  "function": "minecraft:set_name",
                  "entity": "this",
                  "name": "방패조각"
                },
                {
                  "function": "minecraft:set_nbt",
                  "tag": "{NL:1b,piece:1b,shield:1b,CustomModelData:3000001}"
                }
              ],
              "conditions": [
                {
                  "condition": "minecraft:random_chance",
                  "chance": 0.02
                }
              ]
            },
            {
              "type": "minecraft:item",
              "name": "minecraft:paper",
              "functions": [
                {
                  "function": "minecraft:set_name",
                  "entity": "this",
                  "name": "봉인해제 주문서 조각"
                },
                {
                  "function": "minecraft:set_nbt",
                  "tag": "{NL:1b,piece:1b,dispel:1b,CustomModelData:3000002}"
                }
              ],
              "conditions": [
                {
                  "condition": "minecraft:random_chance",
                  "chance": 0.6
                }
              ]
            },
            {
              "type": "minecraft:item",
              "name": "minecraft:paper",
              "functions": [
                {
                  "function": "minecraft:set_name",
                  "entity": "this",
                  "name": "부활 주문서 조각"
                },
                {
                  "function": "minecraft:set_nbt",
                  "tag": "{NL:1b,piece:1b,revival:1b,CustomModelData:3000003}"
                }
              ],
              "conditions": [
                {
                  "condition": "minecraft:random_chance",
                  "chance": 0.5
                }
              ]
            }
          ]
        }
      ]
    }
  ]
}
