{
    "display": {
      "icon": {
        "item": "minecraft:stone"
      },
      "title": "hit_by_rm",
      "description": "배회자에게 기본공격을 받았을 시 발동(배회자 공격함수 후 실행)",
      "show_toast": false,
      "announce_to_chat": false,
      "hidden": true
    },
    "criteria": {
      "condition": {
        "trigger": "minecraft:entity_hurt_player",
        "conditions": {
          "damage": {
            "source_entity": {
              "type": "minecraft:player"
            }
          }
        }
      },
      "impossible": {
        "trigger": "minecraft:impossible"
      }
    },
    "requirements": [
      [
        "condition"
      ],
      [
        "impossible"
      ]
    ],
    "rewards": {
      "function": "nl_system:systems/hit/hit_by_rm_adv"
    }
  }
  