{
  "display": {
    "icon": {
      "item": "minecraft:chest"
    },
    "title": "뼛가루얻기",
    "description": "",
    "show_toast": false,
    "announce_to_chat": false,
    "hidden": true
  },
  "parent": "nishalabyrinth:system/interaction/composter/interact_composter",
  "criteria": {
    "impossible": {
      "trigger": "minecraft:impossible"
    },
    "get_bone_meal": {
      "trigger": "minecraft:item_used_on_block",
      "conditions": {
        "player": {
          "team": "prisoner"
        },
        "location": [
          {
            "condition": "minecraft:location_check",
            "predicate": {
              "block": {
                "blocks": [
                  "minecraft:composter"
                ],
                "state": {
                  "level": "0"
                }
              }
            }
          }
        ]
      }
    }
  },
  "requirements": [
    [
      "impossible"
    ],
    [
      "get_bone_meal"
    ]
  ],
  "rewards": {
    "function": "nishalabyrinth:system/prison/in_jail/get_bone_meal_adv"
  }
}
