{
  "display": {
    "icon": {
      "item": "minecraft:chest"
    },
    "title": "opened_chest",
    "description": "",
    "show_toast": false,
    "announce_to_chat": false,
    "hidden": true
  },
  "criteria": {
    "requirement": {
      "trigger": "minecraft:item_used_on_block",
      "conditions": {
        "player": {},
        "location": [
          {
            "condition": "minecraft:location_check",
            "predicate": {
              "block": {
                "blocks": [
                  "minecraft:composter"
                ]
              }
            }
          }
        ]
      }
    }
  },
  "rewards": {
    "function": "nishalabyrinth:system/interaction/composter/interact_composter_adv"
  }
}
