{
    "display": {
      "icon": {
        "item": "minecraft:stone"
      },
      "title": "퇴비통 상호작용 버퍼",
      "description": "",
      "show_toast": false,
      "announce_to_chat": false,
      "hidden": true
    },
    "parent": "nishalabyrinth:system/interaction/composter/interact_composter",
    "criteria": {
      "requirement": {
        "trigger": "minecraft:tick",
        "conditions": {
          "player": [
            {
              "condition": "minecraft:entity_properties",
              "entity": "this",
              "predicate": {
                "type_specific": {
                  "type": "player",
                  "advancements": {
                    "nishalabyrinth:system/interaction/composter/interact_composter": true
                  }
                }
              }
            }
          ]
        }
      }
    },
    "rewards": {
      "function": "nishalabyrinth:system/interaction/composter/interact_composter_buffer_adv"
    }
  }
  