{
  "display": {
    "icon": {
      "item": "minecraft:written_book",
      "nbt": "{CustomModelData:302002}"
    },
    "title": "폐쇄!",
    "description": "경비병들이 옵니다",
    "show_toast": true,
    "announce_to_chat": false,
    "hidden": true
  },
  "parent": "nishalabyrinth:system/location/in_the_lib",
  "criteria": {
    "requirement": {
      "trigger": "minecraft:impossible",
      "conditions": {}
    }
  },
  "rewards": {
    "function": "nishalabyrinth:system/library/alarm/alarm_red"
  }
}
