{
    "display": {
      "icon": {
        "item": "minecraft:twisting_vines"
      },
      "title": "1회용탈출",
      "description": "",
      "show_toast": true
    },
    "criteria": {
      "twisting_vines": {
        "trigger": "minecraft:player_interacted_with_entity",
        "conditions": {
          "item": {
            "items": [
              "minecraft:bone_meal"
            ]
          },
          "entity": {
            "type": "minecraft:interaction",
            "nbt": "{Tags:[\"NL\",\"vine\"]}"
          }
        }
      }
    },
    "rewards": {
      "function": "nishalabyrinth:system/prison/in_jail/used_bone_meal_adv"
    }
  }
  