[
    {
      "function": "minecraft:set_name",
      "entity": "this",
      "name": "맹인"
    },
    {
      "function": "minecraft:set_lore",
      "entity": "this",
      "lore": [
        {
          "text": "도주형, 지원형",
          "color": "green",
          "italic": true
        }
      ],
      "replace": true
    },
    {
      "function": "minecraft:set_nbt",
      "tag": "{CustomModelData:107001,NL:1b,Icon:1b,CMD:{Icon:107001,Illust:107004}}"
    }
  ]
  