[
    {
      "function": "minecraft:set_name",
      "name": "와이어 석궁"
    },
    {
      "function": "minecraft:set_lore",
      "lore": [
        {
          "text": "와이어 석궁",
          "color": "white",
          "bold": true
        },
        {
          "text": "<우클릭> 장전된 와이어를 발사해, 꽃힌 지점으로 이동한다.",
          "color": "white"
        },
        {
          "text": "<F> 순간적으로 이동속도가 대폭 증가한다. <쿨:15초>",
          "color": "white"
        },
        {
            "text": "대쉬는 배회자가 2단계 감지범위 내에 있으면 쿨이 돌지 않는다.",
            "color": "gray"
          }
      ],
      "replace": true
    },
    {
      "function": "minecraft:set_nbt",
      "tag": "{Damage:5,NL:1b}"
    },
    {
        "function": "minecraft:set_enchantments",
        "enchantments": {
          "minecraft:quick_charge": 4
        },
        "add": false
      }
      
  ]