[
    {
      "function": "minecraft:set_name",
      "entity": "this",
      "name": "생존가"
    },
    {
      "function": "minecraft:set_lore",
      "entity": "this",
      "lore": [
        {
          "text": "강인형, 지원형",
          "color": "green",
          "italic": true
        }
      ],
      "replace": true
    },
    {
      "function": "minecraft:set_nbt",
      "tag": "{CustomModelData:103001,NL:1b,Icon:1b,CMD:{Icon:103001,Illust:103003}}"
    }
  ]
  