{
    "display": {
      "icon": {
        "item": "minecraft:written_book",
        "nbt": "{CustomModelData:101003}"
      },
      "title": "발도(f 발동, 2단계 검 이상)",
      "description": "발동 시 배회자와 가장 가까운 팀원에게 3초간 빙의 후 이동한다. 이동 후 5초안에 배회자와 부딪히면 스턴을 부여한다",
      "background": "swordsman",
      "frame": "challenge",
      "show_toast": false,
      "announce_to_chat": false,
      "hidden": false
    },
    "parent": "nishalabyrinth:character/swordsman/swordsman",
    "criteria": {
      "requirement": {
        "trigger": "minecraft:impossible"
      }
    }
  }
  