[
    {
      "function": "minecraft:set_nbt",
      "tag": "{NL:1b,Drop:1b}"
    },
    {
      "function": "minecraft:set_name",
      "entity": "this",
      "name": {
        "text": "생명석",
        "color": "dark_blue",
        "bold": true
      }
    },
    {
      "function": "minecraft:set_lore",
      "entity": "this",
      "lore": [
        {
          "text": "알 수 없는 힘이 담긴 돌이다",
          "color": "blue",
          "italic": true
        }
      ],
      "replace": true
    }
  ]
  