{
    "display": {
      "icon": {
        "item": "minecraft:warped_fungus_on_a_stick",
        "nbt": "{CustomModelData:1006548}"
      },
      "title": {
        "text": "부서진 수정구",
        "color": "dark_gray",
        "bold": true
      },
      "description": {
        "text": "생명석과 조합해 복원할 수 있다",
        "color": "white"
      },
      "background": "magician",
      "frame": "task",
      "show_toast": false,
      "announce_to_chat": false,
      "hidden": false
    },
    "parent": "nishalabyrinth:character/magician/skill1",
    "criteria": {
      "requirement": {
        "trigger": "minecraft:impossible"
      }
    }
  }
  