{
  "type": "minecraft:chest",
  "pools": [
    {
      "rolls": 1,
      "entries": [
        {
          "type": "minecraft:item",
          "name": "minecraft:carrot_on_a_stick",
          "functions": [
            {
              "function": "minecraft:set_name",
              "entity": "this",
              "name": "디스펠 주문서"
            },
            {
              "function": "minecraft:set_lore",
              "entity": "this",
              "lore": [
                "사용하면 제단봉인 및 시전자의 디버프가 해제된다"
              ],
              "replace": true
            },
            {
              "function": "minecraft:set_nbt",
              "tag": "{NL:1b,dispel:1b,piece:0b,CustomModelData:3000005}"
            }
          ]
        }
      ]
    },
    {
      "rolls": 1,
      "entries": [
        {
          "type": "minecraft:item",
          "name": "minecraft:lapis_lazuli",
          "functions": [
            {
              "function": "minecraft:reference",
              "name": "nishalabyrinth:items/lifestone"
            }
          ]
        }
      ]
    },
    {
      "rolls": 1,
      "entries": [
        {
          "type": "minecraft:item",
          "name": "minecraft:redstone",
          "functions": [
            {
              "function": "minecraft:reference",
              "name": "nishalabyrinth:items/redstone"
            },
            {
              "function": "minecraft:limit_count",
              "limit": 2
            },
            {
              "function": "minecraft:set_count",
              "count": 2,
              "add": false
            }
          ]
        }
      ]
    },
    {
      "rolls": 6,
      "entries": [
        {
          "type": "minecraft:item",
          "name": "minecraft:cooked_beef",
          "functions": [
            {
              "function": "minecraft:set_count",
              "count": 2,
              "add": false
            },
            {
              "function": "minecraft:limit_count",
              "limit": 2
            }
          ]
        }
      ]
    }
  ]
}
