{
    "condition": "minecraft:entity_properties",
    "entity": "this",
    "predicate": {
      "type": "minecraft:player",
      "equipment": {
        "mainhand": {
          "items": [
            "minecraft:trident"
          ],
          "durability": {
            "min": 1,
            "max": 249
          },
          "enchantments": [
            {
              "enchantment": "minecraft:loyalty",
              "levels": 1
            },
            {
              "enchantment": "minecraft:unbreaking",
              "levels": 5
            }
          ]
        }
      }
    }
  }
  