{
  "display": {
    "icon": {
      "item": "minecraft:stone"
    },
    "title": "",
    "description": "",
    "show_toast": false,
    "announce_to_chat": false,
    "hidden": true
  },
  "parent": "nishalabyrinth:system/interaction/allay/interact_allay",
  "criteria": {
    "buffer": {
      "trigger": "minecraft:tick",
      "conditions": {
        "player": {
          "type_specific": {
            "type": "player",
            "advancements": {
              "nishalabyrinth:system/interaction/allay/interact_allay": true
            }
          }
        }
      }
    }
  },
  "requirements": [
    [
      "buffer"
    ]
  ],
  "rewards": {
    "function": "nishalabyrinth:system/interaction/allay/interact_allay_buffer_adv"
  }
}
