{
  "display": {
    "icon": {
      "item": "minecraft:stone"
    },
    "title": "터어치",
    "description": "",
    "announce_to_chat": false,
    "hidden": true
  },
  "criteria": {
    "requirement": {
      "trigger": "minecraft:player_interacted_with_entity",
      "conditions": {
        "entity": {
          "type": "minecraft:interaction",
          "nbt": "{Tags:[\"NL\",\"allay\"]}"
        }
      }
    }
  },
  "rewards": {
    "function": "nishalabyrinth:system/interaction/allay/interact_allay_adv"
  }
}
