{
    "display": {
      "icon": {
        "item": "minecraft:stone"
      },
      "title": "",
      "description": "",
      "show_toast": false,
      "announce_to_chat": false,
      "hidden": true
    },
    "parent": "nishalabyrinth:system/interaction/patrol/interact_patrol",
    "criteria": {
      "buffer": {
        "trigger": "minecraft:tick",
        "conditions": {
          "player": {
            "type_specific": {
              "type": "player",
              "advancements": {
                "nishalabyrinth:system/interaction/patrol/interact_patrol": true
              }
            }
          }
        }
      }
    },
    "requirements": [
      [
        "buffer"
      ]
    ],
    "rewards": {
      "function": "nishalabyrinth:system/interaction/patrol/interact_patrol_buffer_adv"
    }
  }
  