{
    "display": {
      "icon": {
        "item": "minecraft:stone"
      },
      "title": "",
      "description": "",
      "show_toast": false,
      "announce_to_chat": false,
      "hidden": true
    },
    "criteria": {
      "requirement": {
        "trigger": "minecraft:player_interacted_with_entity",
        "conditions": {
          "entity": {
            "type": "minecraft:interaction",
            "nbt": "{Tags:[\"NL\",\"patrol\"]}"
          }
        }
      }
    },
    "rewards": {
      "function": "nishalabyrinth:system/interaction/patrol/interact_patrol_adv"
    }
  }
  